[
    {
        "name": "Product ID",
        "offset": "0x015E",
        "length": 2,
        "comments": "product identity"
    },
    {
        "name": "Chip ID",
        "offset": "0x0158",
        "length": 6,
        "comments": "chip identity"
    },
    {
        "name": "EncMode",
        "offset": "0x0152",
        "length": 2,
        "comments": "encrypted or not"
    },
    {
        "name": "SWDDisable",
        "offset": "0x0150",
        "length": 2,
        "comments": "enable SWD or not"
    },
    {
        "name": "Config",
        "offset": "0x014C",
        "length": 4,
        "comments": "chip configuration",
        "subitem": [
            {
                "name": "upgrade_disable",
                "offset": "0",
                "length": 1,
                "comments": ""
            },
            {
                "name": "boot_clk",
                "offset": "1",
                "length": 3,
                "comments": "\r\n0: PLL-64MHz, \r\n1: PLL-48MHz, \r\n2: XO-16MHz, \r\n3: PLL-24MHz, \r\n4: PLL-16MHz, \r\n5: PLL-32MHz"
            },
            {
                "name": "dpad_while_disable",
                "offset": "4",
                "length": 1,
                "comments": ""
            },
            {
                "name": "rx_sample_delay",
                "offset": "5",
                "length": 2,
                "comments": ""
            },
            {
                "name": "flash_power_up_delay",
                "offset": "7",
                "length": 4,
                "comments": ""
            },
            {
                "name": "spi_mode",
                "offset": "11",
                "length": 2,
                "comments": "mode 0, 1, 2, 3"
            },
            {
                "name": "clk_fls_ctrl",
                "offset": "13",
                "length": 4,
                "comments": "\r\n0: 64MHz, \r\n1: 48MHz, \r\n2: 32MHz, \r\n3: 24MHz, \r\n4: 16MHz, \r\n5: 16MHz"
            },
            {
                "name": "xip_cmd_mode",
                "offset": "17",
                "length": 8,
                "comments": ""
            },
            {
                "name": "xqspi_dpad_type",
                "offset": "25",
                "length": 1,
                "comments": "0: fast pads, 1: slow pads"
            },
            {
                "name": "xqspi_cache_hclk_en",
                "offset": "26",
                "length": 1,
                "comments": ""
            },
            {
                "name": "cache_clk96_en",
                "offset": "27",
                "length": 1,
                "comments": ""
            },
            {
                "name": "apb_clk_en",
                "offset": "28",
                "length": 1,
                "comments": ""
            },
            {
                "name": "cache_fsm_mem_clk_en",
                "offset": "29",
                "length": 1,
                "comments": ""
            }
        ]
    },
    {
        "name": "Chip UID",
        "offset": "0x013C",
        "length": 16,
        "comments": ""
    },
    {
        "name": "XO",
        "offset": "0x012A",
        "length": 2,
        "comments": "xo offset"
    },
    {
        "name": "BT_MAC",
        "offset": "0x0124",
        "length": 6,
        "comments": ""
    },
    {
        "name": "Package Type",
        "offset": "0x0112",
        "length": 1,
        "comments": "0:Unused, 1:GR5515RGBD, 2:GR5515GGBD, 3:GR5515IGND, 4:GR5515I0ND, 5:GR5513BEND, 6:GR5515BEND, 7:GR5513BENDU, 8:GR5515I0NDA, 9:GR5515IENDU"
    },
    {
        "name": "IO_LDO_SEL",
        "offset": "0x0111",
        "length": 1,
        "comments": "",
        "subitem": [
            {
                "name": "IO_LDO selector",
                "offset": "0",
                "length": 1,
                "comments": "0: 1.8v, 1: 3.3v"
            },
            {
                "name": "IO_LDO_Bypass",
                "offset": "1",
                "length": 1,
                "comments": "0: no bypass, 1: bypass"
            },
            {
                "name": "Inductance selector",
                "offset": "2",
                "length": 1,
                "comments": "0: 2.2uH, 1: 1.5uH"
            },
            {
                "name": "IO_PWR_SRC",
                "offset": "3",
                "length": 1,
                "comments": "0: Internal, 1: External"
            }
        ]
    }
]